feature,importance
unique_items,0.15131621336639609
unique_cats,0.13439209985179645
total_actions,0.11443326875977643
buy_cnt,0.1050831623840712
click_cnt,0.08723620572120071
buy_click_rate,0.08613006858485525
buy_action_rate,0.07720360915384618
unique_days,0.07367950112062123
age_range,0.057667493693210996
fav_click_rate,0.04482501669141453
fav_cnt,0.026013229886194082
gender,0.025928502486211386
unique_brands,0.01609162830040534
cart_cnt,0.0
cart_click_rate,0.0
