model,sample_size,auc,f1,precision,recall,threshold
RandomForest_Baseline,50000,0.6314397540456622,0.17101353582040277,0.10689228229467602,0.4273927392739274,0.5
