threshold,precision,recall,f1
0.1,0.0606,1.0,0.11427493871393551
0.2,0.0606,1.0,0.11427493871393551
0.3,0.06064851881505204,1.0,0.11436120022645782
0.4,0.0685882038964505,0.8481848184818482,0.12691358024691357
0.5,0.10689228229467602,0.4273927392739274,0.17101353582040277
0.6,0.14308943089430895,0.14521452145214522,0.14414414414414414
0.7,0.2,0.03135313531353135,0.05420827389443652
0.8,0.2,0.0049504950495049506,0.00966183574879227
0.9,0.0,0.0,0.0
