user_segment,sample_count,actual_repurchase_rate,avg_predicted_prob
高复购潜力用户,95,0.2,0.7506029009345115
中复购潜力用户,7399,0.06690093255845385,0.47617252566142165
低复购潜力用户,2506,0.03671189146049481,0.3750553265283646
